{
    "w_lgb": 0.4148910642493861,
    "w_xgb": 0.49004290007868795,
    "w_cat": 0.0950660356719259
}